cell,x,y,cell_type
C1,35.42,14117.27,eL2_3
C2,54,5090.07,eL6
C3,47.06,9057.87,Astro
C4,48.53,10542.76,eL6
C5,34.81,13471.79,eL2_3
C6,36.52,8217.54,PVALB
C7,43.87,10146.95,Endo
C8,41.8,14328.23,VIP
C9,55.85,1167.1,SST
C10,80.31,11407.66,Astro
C11,41.08,15518.8,Smc
C12,62.73,3131.69,eL6
C13,67.12,4788.28,Endo
C14,73.69,7496.63,eL6
C15,78.22,10363.46,eL4
C16,51.37,11867.76,eL2_3
C17,82.68,12720.38,eL2_3
C18,66.26,2102.15,Astro
C19,88.07,5753.05,Micro
C20,87.22,9438.64,eL4
C21,91.32,363.83,eL6
C22,120.19,4303.51,eL6
C23,80.42,5491.95,Astro
C24,108.1,10835.44,Endo
C25,145.72,13166.65,eL4
C26,111.71,3540.12,Oligo
C27,97.87,4530.7,eL6
C28,120.51,14383.77,VIP
C29,131.42,15642.93,Smc
C30,115.21,915.15,Oligo
C31,117.59,506.02,eL5
C32,122.79,7300.96,eL5
C33,149.63,4681.37,eL6
C34,161.1,8380.51,Astro
C35,177.73,3116.08,Oligo
C36,160.71,12119.47,PVALB
C37,145.25,12481.87,eL2_3
C38,194.16,8785.18,eL4
C39,209.88,10047.08,eL6
C40,187.27,5235,eL6
C41,194.21,9669.86,Astro
C42,228.5,13681.47,VIP
C43,204.82,6367.41,eL5
C44,205.28,10205.58,Astro
C45,215.88,3458.78,eL6
C46,223.2,5605.15,eL6
C47,256.46,3665.33,Reln
C48,257.31,11690.26,VIP
C49,228.11,9920.52,eL4
C50,273.11,14092.82,Astro
C51,267.82,15645.42,Smc
C52,281.51,3035.53,Oligo
C53,273.61,7983.46,eL6
C54,249,83.59,HPC
C55,276.66,2628.54,Oligo
C56,255.44,11228.36,Endo
C57,303.4,12605.58,eL2_3
C58,306.09,15388.32,Astro
C59,265.86,3325.44,Oligo
C60,285.32,9413.06,eL4
C61,283.97,4796.73,eL6
C62,299.56,7247.54,eL5
C63,333.67,10311.91,eL4
C64,309.97,12317.45,eL2_3
C65,321.22,5324.46,eL6
C66,310.66,13039.66,eL2_3
C67,335.53,4062.32,eL6
C68,331.31,8398.02,Astro
C69,361.6,12710.9,Endo
C70,358.9,5846.14,eL6
C71,329.55,9606.8,eL4
C72,362.42,10448.73,eL4
C73,362.1,14980.04,Astro
C74,364.24,3416.74,eL6
C75,391.92,11900.4,eL2_3
C76,366.68,4449.06,eL6
C77,381.09,15713.69,Smc
C78,398.43,4333.8,eL6
C79,412.2,1029.57,HPC
C80,424.88,1741.75,eL5
C81,427.06,5434.77,eL6
C82,431.12,9271.25,eL4
C83,415.74,3937.1,eL6
C84,404.79,6506.08,eL4
C85,421.66,8630.74,eL5
C86,421.56,8796.67,eL5
C87,436.13,10598.04,eL4
C88,459.3,2268.21,Oligo
C89,441.49,3774.08,eL6
C90,417.4,7693.1,Astro
C91,417.32,8085.5,PVALB
C92,435.81,14680.88,Astro
C93,419.62,4573.65,eL6
C94,456.48,10748.87,Oligo
C95,427.65,11478.78,Endo
C96,437.48,12256.36,eL2_3
C97,457.1,12509.34,Endo
C98,455.77,12826.25,eL2_3
C99,471.56,11615.34,eL2_3
C100,476.11,10867.35,eL4
C101,479.79,11355.92,eL4
C102,497.27,1933.72,Oligo
C103,477.53,5127.81,eL6
C104,475.28,6410.17,Oligo
C105,477,9615.03,eL4
C106,496.87,4820.84,eL6
C107,479.22,8507,eL5
C108,481.86,15747.24,Smc
C109,509.2,3451.18,Oligo
C110,502.34,4205.4,Oligo
C111,493.89,15205.17,Endo
C112,533.17,6281.86,eL6
C113,533.41,8116.6,PVALB
C114,530.23,10978.42,eL4
C115,536.09,11755.3,eL4
C116,539.82,4640.74,eL6
C117,534.44,8977.21,Astro
C118,555.59,7880.26,eL6
C119,510.17,10142.53,eL4
C120,561.53,15796.76,Smc
C121,544.59,5574.93,eL6
C122,547.19,13710.44,eL2_3
C123,602.96,4254.99,eL6
C124,568.49,6562.72,PVALB
C125,575.95,7574.41,Astro
C126,600.97,8506.88,Oligo
C127,574.92,11232.02,eL2_3
C128,574.82,12247.6,eL2_3
C129,588.33,12865.81,eL4
C130,569.07,2639.42,Oligo
C131,600.73,5211.22,eL6
C132,602.35,9489.03,Astro
C133,602.64,2430.3,Oligo
C134,576.27,10033.97,Reln
C135,649.17,12718.4,Astro
C136,634.5,10798.93,eL4
C137,646.38,11621.27,PVALB
C138,628.78,13589.85,eL2_3
C139,627.57,71.22,HPC
C140,647.57,3792.42,Astro
C141,670.77,11061.38,eL4
C142,659.9,15860.81,Smc
C143,635.78,1733.74,Oligo
C144,652.88,2775.87,Oligo
C145,594.95,9236.71,Astro
C146,663.89,2083.49,Oligo
C147,626.53,2964.52,Oligo
C148,669.3,10183.72,eL4
C149,670.16,5076.87,eL2_3
C150,669.02,9924.79,eL5
C151,669.05,11357.63,eL4
C152,705.28,2670.31,Oligo
C153,689.23,3598.72,Oligo
C154,725.74,8069.79,Astro
C155,728.24,43.55,HPC
C156,751.98,5758.75,Endo
C157,691.27,7408.59,Astro
C158,712.43,7684.59,Endo
C159,716.04,10542.68,Endo
C160,733.99,9363.47,eL4
C161,706.65,9781.19,Endo
C162,714.12,12152.56,Reln
C163,753.65,3118.48,Oligo
C164,714.88,4664.26,eL6
C165,718.08,8970.26,Astro
C166,734.37,12325.32,eL2_3
C167,702.67,225.52,HPC
C168,766.41,3027.57,Oligo
C169,739.74,6334.09,eL6
C170,717.83,13976.15,eL4
C171,731.53,6654.97,Oligo
C172,730.13,7191.3,eL4
C173,747.15,13605.42,Endo
C174,777.68,14164.77,eL2_3
C175,752.42,4791.15,eL6
C176,765.99,9589.2,eL4
C177,824.03,1889.46,Astro
C178,789.92,3636.32,Astro
C179,786.26,10726.51,eL4
C180,782.53,13752.82,eL2_3
C181,746.88,4144.34,Reln
C182,779.39,4309.99,eL6
C183,799.28,11933.84,eL4
C184,830.52,4955.57,eL6
C185,788.83,9154.03,eL4
C186,822.13,13954.6,eL2_3
C187,833.28,6632.95,PVALB
C188,832.94,7944.68,Astro
C189,772.22,13236.58,Astro
C190,810.56,2633.15,Micro
C191,815.66,2775.41,Oligo
C192,821.92,10068.35,eL2_3
C193,844.23,13574.4,Astro
C194,848.12,15892.34,Smc
C195,857.29,3715.74,Astro
C196,825.32,5525.27,Astro
C197,816.73,11787.36,eL4
C198,830.29,8706.73,Astro
C199,872.58,11106.28,Micro
C200,852.8,11632.78,eL4
C201,842.03,3884.85,eL6
C202,886.32,11270.3,eL2_3
C203,877.06,15066.26,Astro
C204,891.76,4777.78,eL6
C205,888.62,7281.06,eL5
C206,892.3,4446.77,eL6
C207,883.53,678.35,PVALB
C208,908.76,13458.06,PVALB
C209,904.96,11425.55,eL4
C210,920.95,438.83,Astro
C211,911.77,8228.46,VIP
C212,1000.64,2662.31,Oligo
C213,920.53,6473.48,SST
C214,948.34,13931.91,eL2_3
C215,955.06,12465.85,VIP
C216,961.19,10995.93,eL4
C217,945.02,12923.21,eL2_3
C218,957.09,10347.3,eL4
C219,936.95,60.19,HPC
C220,968.31,9601.75,eL4
C221,971.13,9387.26,PVALB
C222,1006.75,7312.23,Endo
C223,993.88,3476.04,Oligo
C224,1008,10851.05,eL4
C225,1022.49,12552.49,VIP
C226,1011.89,7591.78,Astro
C227,1036.61,8196.63,VIP
C228,1056.72,10430.76,eL4
C229,1056.95,9603.5,Oligo
C230,1073.73,2286.78,Astro
C231,1045.83,10118.83,Astro
C232,1056.72,14039.99,eL2_3
C233,1075.68,5293.67,eL4
C234,1103.2,7962.05,Oligo
C235,1099.89,4918.67,PVALB
C236,1121.03,16089.89,Smc
C237,1119.49,1227.46,HPC
C238,1130.16,2416.34,Oligo
C239,1070.61,8770.52,Astro
C240,1119.5,10262.36,eL4
C241,1122.37,13130.15,Endo
C242,1106.41,15257.72,Endo
C243,1137.27,10643.09,eL4
C244,1114.07,11854.47,eL2_3
C245,1131.52,14590.88,eL2_3
C246,1113.68,9858.87,Astro
C247,1155.31,14722.69,eL2_3
C248,1162.79,2142.82,Astro
C249,1174.83,4069.06,Oligo
C250,1139.29,9239.06,Astro
C251,1124.75,15974.89,Smc
C252,1177.56,445.43,HPC
C253,1177.71,10906.16,eL4
C254,1177.58,14179.06,eL2_3
C255,1181.76,2609.98,Oligo
C256,1183.26,7251.07,PVALB
C257,1200.78,8485.37,Oligo
C258,1193.14,8948.36,Micro
C259,1180.24,9572.25,Endo
C260,1169.31,7608.62,PVALB
C261,1202.38,657.67,HPC
C262,1204.34,5855.86,Reln
C263,1167.41,6769.13,Astro
C264,1176.94,12617.81,Endo
C265,1207.86,15797.38,Endo
C266,1262.3,10373.19,Astro
C267,1251.79,10498.72,Astro
C268,1220.43,2026.66,Oligo
C269,1218.13,5260.1,eL6
C270,1237.51,858.69,HPC
C271,1228.66,13269.64,eL2_3
C272,1189.65,110.91,HPC
C273,1234.94,4942.45,eL6
C274,1262.51,1631.77,Astro
C275,1251.44,2316.17,Oligo
C276,1263.44,10758.51,eL4
C277,1271.78,14625.26,Astro
C278,1248.42,2846.56,Oligo
C279,1255.36,11995.77,eL2_3
C280,1265.87,12490.65,eL4
C281,1294.69,5481.79,Endo
C282,1281.53,16136.22,Smc
C283,1324.81,3174.81,Oligo
C284,1287.73,8084.52,Astro
C285,1343.88,15895.7,Astro
C286,1316.85,11856.07,Oligo
C287,1331.75,5610.17,Astro
C288,1343.29,2905.68,Oligo
C289,1344.79,11023.08,eL4
C290,1344.51,9375.11,eL4
C291,1347.08,71.7,Astro
C292,1361.98,1099.4,HPC
C293,1354.05,6143.09,eL6
C294,1381.05,4492.89,Oligo
C295,1363.9,10093.63,eL4
C296,1379.65,14748.17,eL2_3
C297,1356.2,3902.3,Oligo
C298,1358.33,9038.22,Astro
C299,1378.2,4735.79,Micro
C300,1364.23,5174.61,eL6
C301,1377.62,6570.79,eL4
C302,1410.12,11486.64,eL4
C303,1410.69,5027.22,eL6
C304,1460.56,5976.42,Endo
C305,1404.71,4334.14,eL6
C306,1397.87,7538.44,Astro
C307,1417.63,15721.6,Astro
C308,1391.43,14416.88,eL2_3
C309,1404.44,3391.87,Oligo
C310,1399.1,9207.35,PVALB
C311,1442.71,9611.06,SST
C312,1424.58,12254.18,eL4
C313,1416.85,12390.68,VIP
C314,1411.72,16233.27,Smc
C315,1415.37,5380.76,eL6
C316,1415.07,6982.76,PVALB
C317,1434.4,184.51,HPC
C318,1442.04,1191.28,Astro
C319,1439.54,2953.03,Oligo
C320,1437.8,7295.93,Endo
C321,1432.34,11112.87,eL2_3
C322,1441.29,12680.18,Reln
C323,1465.29,429.74,HPC
C324,1434.5,2230.98,SST
C325,1431.78,8003.24,Astro
C326,1459.07,3962.17,Oligo
C327,1439.42,11275.04,eL2_3
C328,1482.43,14459.83,eL2_3
C329,1479.74,16137.17,Smc
C330,1467.38,7748.84,eL5
C331,1479.27,45.8,HPC
C332,1473.18,6810.88,eL6
C333,1489.74,13350.06,eL2_3
C334,1507.89,6367.18,Endo
C335,1534.59,6585.3,Astro
C336,1506.46,7438.07,eL5
C337,1506.98,9359.54,eL4
C338,1524.68,11833.81,eL4
C339,1506.1,696.64,HPC
C340,1520.02,4769.48,Oligo
C341,1540.85,8008.87,Endo
C342,1528.68,8828.67,Astro
C343,1532.25,2059.66,Astro
C344,1524.2,12166.51,Oligo
C345,1536.22,2329.62,Oligo
C346,1541.57,5303.8,eL6
C347,1539.02,10191.73,eL4
C348,1515.8,10828.64,eL4
C349,1515,13513.48,eL2_3
C350,1545.56,11072.89,eL4
C351,1548.24,13149.61,Endo
C352,1561.75,2983.68,Endo
C353,1554.4,11982.85,Astro
C354,1560.21,16310.69,Smc
C355,1557.64,10464.64,eL4
C356,1565.73,12452.25,eL2_3
C357,1580.36,6940.23,eL4
C358,1536.96,14193.63,Astro
C359,1593.22,3448.62,Oligo
C360,1611.49,6273.95,eL6
C361,1538.37,4153.48,eL6
C362,1587.94,4304.53,eL6
C363,1584.09,4494.03,Astro
C364,1597.1,7552.24,eL5
C365,1603.09,71.05,HPC
C366,1602.23,16225.1,Smc
C367,1711.8,4677.47,eL6
C368,1615.13,9035.13,Astro
C369,1625.25,2810.59,Oligo
C370,1630.31,754.3,HPC
C371,1644.76,1373.96,eL5
C372,1650.29,11473.81,eL2_3
C373,1628.01,14468.61,eL2_3
C374,1615.03,3698.45,Oligo
C375,1633.74,7311.89,eL6
C376,1649.69,3543.33,Oligo
C377,1651.06,9451.4,Astro
C378,1672.45,10504.42,eL4
C379,1668.34,4917.03,eL6
C380,1643.54,10081.15,eL4
C381,1668.71,312.88,Astro
C382,1688.05,13015.17,eL2_3
C383,1678.62,3044.54,Oligo
C384,1682.4,5838.45,eL6
C385,1695.1,11765.19,Endo
C386,1626.57,9871.42,Endo
C387,1688.74,11193.43,eL2_3
C388,1740.6,15981.07,eL6
C389,1687.09,554.57,VIP
C390,1696.3,12231.56,eL4
C391,1708.99,3224.9,Oligo
C392,1697.19,13810.59,eL2_3
C393,1711.9,8330.04,Astro
C394,1709.46,14046.39,eL2_3
C395,1729.41,2460.28,SST
C396,1701.93,6089.63,eL6
C397,1718.03,10635.46,eL4
C398,1758.19,7408.57,eL5
C399,1729.91,57.83,HPC
C400,1757.55,14312.1,eL2_3
C401,1747.16,13501.89,eL2_3
C402,1764.34,14450.41,eL2_3
C403,1732.85,6404.21,eL6
C404,1755.4,4396.28,Reln
C405,1740.14,5172.56,eL5
C406,1751.55,8000.8,eL5
C407,1807.4,11593.69,Astro
C408,1738.58,16342.62,Smc
C409,1775.39,235.48,HPC
C410,1814.11,700.38,HPC
C411,1773.98,3566.8,Oligo
C412,1759.93,6531.46,eL6
C413,1811.51,8170.9,eL5
C414,1820.66,447.02,HPC
C415,1808.23,2685.21,Oligo
C416,1784.85,3087.05,Oligo
C417,1780.54,3664.88,Oligo
C418,1809.38,10858.05,eL4
C419,1799.16,12560.11,PVALB
C420,1848.77,84.07,HPC
C421,1808.7,10201.6,eL2_3
C422,1812.29,10028.18,eL4
C423,1819,16447.26,Smc
C424,1826.48,5040.43,eL6
C425,1839.53,11188.98,eL5
C426,1828.43,14070.21,eL2_3
C427,1851.51,8408.42,Astro
C428,1849.73,2173.89,VIP
C429,1865.75,12317.56,eL4
C430,1864.3,3136.92,Oligo
C431,1840.75,10700.35,eL4
C432,1867.95,13288.13,eL2_3
C433,1861.62,5540.99,eL6
C434,1885.99,16367.7,Smc
C435,1878.67,13875.47,VIP
C436,1859.23,9165.34,Astro
C437,1884.01,3295.6,Oligo
C438,1891.97,3649.32,Astro
C439,1882.41,14383.25,eL2_3
C440,1857.58,8609.62,Astro
C441,1873.6,8928.34,Astro
C442,1891.52,12900.93,Oligo
C443,1900.73,6181.28,eL6
C444,1849.45,9417.54,eL5
C445,2000.5,4156.9,Astro
C446,1926.85,5755.01,Micro
C447,1921.32,14737.13,eL2_3
C448,1916.33,6615.26,eL6
C449,1911.65,12089.57,eL2_3
C450,1918.66,259.27,HPC
C451,1953.91,13488.41,Astro
C452,1987.96,3180.5,Oligo
C453,1942.33,2906.4,Oligo
C454,1948.53,4973.37,eL6
C455,1968.07,6822.53,eL6
C456,1960.32,11845.32,eL2_3
C457,1950.75,10003.22,eL4
C458,1958.26,10363.75,eL4
C459,1963.07,14035.66,eL2_3
C460,1952.97,16521.59,Smc
C461,1953.5,15950.62,Reln
C462,1964.78,4857.39,eL6
C463,1962.53,7572.62,PVALB
C464,1996.73,14560.77,eL2_3
C465,2015.74,6407.14,eL6
C466,1999.73,16438.61,Smc
C467,2019.57,4516.79,Oligo
C468,2048.05,6109.23,eL6
C469,2014.68,7034.33,eL6
C470,2006.16,10820.87,eL4
C471,2017.62,12418.86,eL2_3
C472,2013.2,3965.77,Oligo
C473,1988.45,11247.53,Astro
C474,2029.58,333.63,HPC
C475,2023.77,3515.81,Oligo
C476,1996.74,11051.48,eL4
C477,2039.81,10097,eL4
C478,2029.7,12664.19,Astro
C479,2009.21,93.38,HPC
C480,2033.97,2558.69,Oligo
C481,2040.95,1802.15,HPC
C482,2083.13,6658.53,eL6
C483,2064.05,13094.65,Reln
C484,2064.05,16049.49,Reln
C485,2057.28,7304.67,eL4
C486,2094.11,9801.55,Endo
C487,2079.58,5255.06,eL6
C488,2080,14962.8,VIP
C489,2046.28,2707.22,Oligo
C490,2056.94,5397.78,PVALB
C491,2071.03,12090.21,Astro
C492,2085.06,11471.35,eL4
C493,2139.15,16569.27,Smc
C494,2085.06,5106.69,Astro
C495,2088.17,10450.19,eL4
C496,2099.17,7528.23,PVALB
C497,2098.89,1306.08,HPC
C498,2107.79,8303.71,Oligo
C499,2128.17,8596,Astro
C500,2170.58,16512.01,Smc
C501,2127.65,160.75,HPC
C502,2115.54,4953.37,eL6
C503,2106.62,5655,eL6
C504,2169.83,9329.78,eL4
C505,2119.38,14538.73,eL2_3
C506,2098.9,7932.75,Astro
C507,2123.98,631.29,HPC
C508,2144.17,10753.41,eL4
C509,2149.51,11258.34,eL4
C510,2170.33,38.45,HPC
C511,2132.52,3342.77,Oligo
C512,2141.14,4034.03,Astro
C513,2141.48,5930.73,VIP
C514,2162.65,13562.21,eL2_3
C515,2153.23,7697.98,eL5
C516,2162.73,7246.46,eL4
C517,2167.31,9664.67,eL4
C518,2177.65,13325.25,eL2_3
C519,2169.61,16448.71,Endo
C520,2177.05,1161.43,Astro
C521,2204.91,8469.15,eL5
C522,2184.84,336.8,HPC
C523,2170.35,8109.77,eL5
C524,2191.41,13072.33,eL2_3
C525,2188.75,11692.12,eL4
C526,2195.49,16183.7,Astro
C527,2200.7,807.1,HPC
C528,2216.34,10525.67,eL4
C529,2213.46,11054.99,eL4
C530,2196.68,13815.02,Endo
C531,2222.88,4872.86,eL6
C532,2223.58,3603.32,Oligo
C533,2239.96,5765.49,eL6
C534,2229.11,10279.21,Astro
C535,2224.95,3457.65,Oligo
C536,2265.19,5625.97,Astro
C537,2238.21,9971.02,eL4
C538,2250.32,190.13,HPC
C539,2266.7,6490.97,eL6
C540,2260.88,12821.56,eL2_3
C541,2246.35,9809.61,eL4
C542,2231.72,15235.49,Astro
C543,2264.4,638.44,HPC
C544,2262.93,4059.32,Oligo
C545,2263.43,5036.87,eL6
C546,2236.56,12379,Oligo
C547,2343.68,12118.43,eL2_3
C548,2281.62,14543.64,eL2_3
C549,2295.34,7864.26,eL5
C550,2278.45,11441.58,eL4
C551,2344.69,12021.01,Oligo
C552,2311.22,912.6,HPC
C553,2310.24,10996.85,eL4
C554,2309.04,11898.14,eL4
C555,2306.24,13345.15,eL2_3
C556,2319.68,8085.6,eL5
C557,2334.35,11713.27,Astro
C558,2337.96,6851.59,Astro
C559,2326.61,9484.26,eL5
C560,2355.15,9010.26,Astro
C561,2332.11,10773.39,eL4
C562,2308.33,6160.39,eL6
C563,2312.09,14132.59,eL2_3
C564,2335.94,100.61,HPC
C565,2339.9,363.76,HPC
C566,2377.55,9256.35,Astro
C567,2382.44,508.09,Astro
C568,2403.56,9901.89,PVALB
C569,2385.33,11469.56,eL4
C570,2385.3,3554.78,Oligo
C571,2372.74,14310.43,PVALB
C572,2412.29,2778.02,Oligo
C573,2420.82,13925.17,eL2_3
C574,2397.66,2046.53,Oligo
C575,2402.78,10444.26,eL4
C576,2418.95,242.26,HPC
C577,2408.75,8214.04,Endo
C578,2412.78,5548.69,eL6
C579,2443.62,6426.23,eL4
C580,2414.72,10221.44,eL4
C581,2408.9,10968.04,eL4
C582,2428.02,14179.22,PVALB
C583,2441.07,56.39,HPC
C584,2380.36,16644.2,Smc
C585,2420.85,3704,Oligo
C586,2440.56,4317.34,Reln
C587,2438.07,5291.33,eL6
C588,2432.75,7618.77,eL6
C589,2449.34,11164.47,eL4
C590,2467.93,13179.72,eL2_3
C591,2468.53,3451.33,Oligo
C592,2455.6,8670.48,Astro
C593,2448.08,13629.57,eL6
C594,2462.07,14579.2,Reln
C595,2474.43,667.31,HPC
C596,2468.51,1656.31,Endo
C597,2454.96,2285.55,HPC
C598,2495.09,848.25,HPC
C599,2493.07,6684.72,PVALB
C600,2506,3606.55,Oligo
C601,2503.57,3858.41,Oligo
C602,2487.26,11748.02,eL4
C603,2473.72,14988.37,eL2_3
C604,2499.45,1085.47,HPC
C605,2505.19,3170.83,Oligo
C606,2483.36,3971.56,Oligo
C607,2513.47,12843.1,eL4
C608,2512.7,9972,PVALB
C609,2524.89,139.27,HPC
C610,2531.12,4822.06,Oligo
C611,2551.64,9372.88,eL5
C612,2532.65,470.27,HPC
C613,2545.28,10485.7,eL4
C614,2535.61,7048.49,eL6
C615,2554.19,11370.58,Endo
C616,2563.76,16780.81,Smc
C617,2578.16,5948.73,Endo
C618,2554.87,8007.49,Astro
C619,2552.99,11035.08,eL4
C620,2557.14,11161.53,eL4
C621,2578.18,12612.22,Astro
C622,2548.64,16646.41,Endo
C623,2572.67,11511.23,eL2_3
C624,2591.09,3784.21,Oligo
C625,2585.65,4340.6,Reln
C626,2572.53,5163.83,eL6
C627,2603.25,15646.61,Endo
C628,2583.53,3319.51,Oligo
C629,2609.61,4024.66,Oligo
C630,2586.29,12311.49,eL2_3
C631,2588.76,10931.86,eL4
C632,2603.36,6492.25,Oligo
C633,2605.16,14545.98,eL2_3
C634,2623.99,14921.58,eL2_3
C635,2625.79,277.89,HPC
C636,2610.17,9513.3,eL5
C637,2633.87,10818.9,VIP
C638,2645.54,16669.44,Smc
C639,2635.8,95.11,HPC
C640,2622.77,1192.73,HPC
C641,2608.02,4692,Oligo
C642,2665.25,411.62,HPC
C643,2638.88,6109.92,eL6
C644,2632.48,1349.05,HPC
C645,2645.66,7187.05,eL6
C646,2644.15,11261.02,eL4
C647,2643.62,14717.75,eL2_3
C648,2616.2,5704.16,Oligo
C649,2645.42,8468.12,Astro
C650,2680.49,8053.58,eL5
C651,2670.74,10592.66,eL4
C652,2690.62,6349.63,eL6
C653,2654.43,6875.36,eL6
C654,2701.18,7638.34,PVALB
C655,2659.25,8840.38,Astro
C656,2684.62,14208.85,eL2_3
C657,2701.2,3014.14,Oligo
C658,2697.53,4461.36,Astro
C659,2691.5,9275.29,PVALB
C660,2724.27,5019.44,Oligo
C661,2661,9114.8,PVALB
C662,2720.82,13157.56,eL2_3
C663,2740.93,15019.36,eL2_3
C664,2763.3,15508,Astro
C665,2749.35,148.54,HPC
C666,2748.54,8983.78,eL5
C667,2747.76,16946.17,Smc
C668,2757.83,11753.52,eL5
C669,2780.03,12662.17,eL4
C670,2755.41,16763.1,Smc
C671,2764.41,12929.13,SST
C672,2768.88,14676.36,eL2_3
C673,2747.51,611.34,HPC
C674,2769.19,791.61,HPC
C675,2780.54,1453.97,HPC
C676,2794.53,6609.6,eL6
C677,2772.6,6771.03,Astro
C678,2789.86,9889.22,eL5
C679,2759.25,16865.04,Smc
C680,2772.11,12316.67,eL4
C681,2760.63,3187.83,Oligo
C682,2729.61,3537.51,Oligo
C683,2787.38,4023.91,Oligo
C684,2793.17,10658.47,eL4
C685,2769.31,12064.63,eL2_3
C686,2818.18,16547.69,Astro
C687,2793.61,2585.98,eL5
C688,2795.77,8578.33,eL6
C689,2808.66,11134.04,eL4
C690,2816.1,6002.94,eL2_3
C691,2832.82,6267.06,Astro
C692,2820.04,13350.69,eL2_3
C693,2833.01,16268.67,Micro
C694,2816.12,4506.28,Oligo
C695,2835.94,11665.8,Endo
C696,2858.17,217.54,Reln
C697,2838.92,5869.13,eL6
C698,2814.01,10378.16,eL2_3
C699,2852.97,13119.87,Astro
C700,2844.88,1184.42,HPC
C701,2821.88,5609.14,eL6
C702,2831.21,5720.9,eL6
C703,2833.48,9342.58,eL6
C704,2838.31,4739.3,eL6
C705,2824.4,8318.07,Astro
C706,2858.59,3603.17,Oligo
C707,2848.52,8714.51,Astro
C708,2843.82,402.65,HPC
C709,2858.14,5497.97,eL6
C710,2868.73,16965.81,Smc
C711,2849.64,5297.64,eL6
C712,2851.61,11336.49,Endo
C713,2875.44,13601.1,eL2_3
C714,2893.74,536.87,HPC
C715,2901.23,685.08,Astro
C716,2878.51,7289.24,Oligo
C717,2915.18,9101.25,Astro
C718,2899.43,10597.22,eL4
C719,2898.62,15331.02,eL2_3
C720,2909.29,12337.25,eL2_3
C721,2904.77,4972.72,eL6
C722,2915.7,8496.28,SST
C723,2916.44,11254.88,eL5
C724,2907.45,4078.65,Micro
C725,2924.34,8891.4,eL5
C726,2938.91,11507.12,eL4
C727,2948.58,9419.12,eL5
C728,2950.92,14806.76,eL2_3
C729,2910.69,2760.47,Endo
C730,2957.87,5425.37,eL6
C731,2949.83,9943.56,Micro
C732,2964.63,7224.47,eL6
C733,2981.43,4231.64,Oligo
C734,2988.47,12796.86,eL4
C735,3002.93,4851.47,eL6
C736,2983.45,5126.38,eL6
C737,2976.32,3943.23,Oligo
C738,2996.91,6772.64,eL6
C739,3009.12,9023.1,eL5
C740,2993.9,10494.79,Endo
C741,3032.37,16998.7,Smc
C742,2991.59,12460.9,eL2_3
C743,2999.45,14412.08,Smc
C744,3009.33,355.34,HPC
C745,3002.96,3339.43,Oligo
C746,3005.3,13859.66,eL2_3
C747,3010.55,922.16,HPC
C748,2989.16,5631.18,eL6
C749,3010.6,11874.84,eL4
C750,3017.04,14549.68,Oligo
C751,3028.01,12151.39,eL2_3
C752,3039.12,11336.02,eL4
C753,3018.54,3713.55,Oligo
C754,3081.72,6043.04,Astro
C755,3025.07,11161.23,eL4
C756,3068.51,4087.96,Oligo
C757,3021.38,13374.9,eL2_3
C758,3065,3555.91,eL6
C759,3050.65,4678.93,Astro
C760,3092.84,7127.28,eL6
C761,3047.23,10188.64,eL4
C762,3043.27,10812.21,eL4
C763,3053.25,5274.29,eL6
C764,3008.12,8212.28,Astro
C765,3052.59,15254.17,eL2_3
C766,3057.87,6365.27,eL6
C767,3076.64,8438.22,PVALB
C768,3075.11,14251.62,Micro
C769,3067.71,15079.07,eL2_3
C770,3048.14,676.82,HPC
C771,3064.71,11039.15,eL4
C772,3075.13,790.31,HPC
C773,3102.52,14005.21,eL2_3
C774,3112,3664.33,Reln
C775,3078.44,558.65,HPC
C776,3085.31,5483.42,Oligo
C777,3102.48,3258.54,Oligo
C778,3114.7,6620.03,eL6
C779,3089.98,11550.94,eL2_3
C780,3163.69,11542.84,eL4
C781,3156.26,4544.39,Oligo
C782,3142.5,13352.77,Astro
C783,3145.09,15016.77,eL4
C784,3125.92,14754.55,eL2_3
C785,3127.03,7922.51,eL5
C786,3141.21,421.94,HPC
C787,3165.85,4770.61,Astro
C788,3127.94,9466.5,Astro
C789,3160.39,3782.23,Oligo
C790,3178.86,9016.38,Oligo
C791,3140.47,10282.02,eL4
C792,3172.95,50.88,Micro
C793,3179.88,654.56,HPC
C794,3191.65,5427.7,eL6
C795,3161.32,10694.73,eL4
C796,3217.69,12213.81,Astro
C797,3161.93,4189.67,Oligo
C798,3146.8,8081.77,Astro
C799,3194.15,1516.18,Micro
C800,3212.91,4904.3,Oligo
C801,3202.73,6384.12,eL6
C802,3188.44,14390.31,Astro
C803,3218.98,889.15,HPC
C804,3214.3,10400.04,eL4
C805,3216.04,15270.85,eL2_3
C806,3216.3,5234.78,eL6
C807,3222.3,493.85,HPC
C808,3232.04,2845.1,Micro
C809,3225.44,5045.26,Oligo
C810,3229.01,6724.72,eL6
C811,3227.46,11903.41,eL4
C812,3241.19,10539.12,PVALB
C813,3243.9,11679.31,eL4
C814,3237.5,734.59,HPC
C815,3193.17,4301.1,Oligo
C816,3242.94,12450.17,Astro
C817,3256.37,8700.55,Oligo
C818,3252.88,12777.11,eL6
C819,3175.7,1061.89,HPC
C820,3263.6,3068.95,Oligo
C821,3264.34,11047.14,eL4
C822,3280.02,13155.31,eL2_3
C823,3273.4,13416,eL2_3
C824,3265.21,14800.58,eL2_3
C825,3272.43,8245.07,eL5
C826,3274.36,16369.71,Endo
C827,3238.3,9756.62,Astro
C828,3285.42,6211.11,eL6
C829,3301.15,560.56,HPC
C830,3292.13,4299.59,Oligo
C831,3316.8,15372.81,eL2_3
C832,3295.98,14539.71,Endo
C833,3317.94,3878.43,Endo
C834,3323.83,5570.88,eL6
C835,3318.55,12610.42,Oligo
C836,3328.6,10280.82,SST
C837,3338.11,14936.64,eL2_3
C838,3339.54,753.92,HPC
C839,3347.28,6436.33,Micro
C840,3313.1,17140.01,Smc
C841,3348.15,435.88,HPC
C842,3375.07,4322.47,Oligo
C843,3355.96,16136.16,Astro
C844,3355.48,5230.13,eL6
C845,3368.59,10858.82,eL4
C846,3360.24,10507.01,VIP
C847,3379.06,5726.76,eL6
C848,3386.48,11348.89,eL4
C849,3396.8,9574.67,Micro
C850,3402.78,609.94,HPC
C851,3404.69,12917.74,eL2_3
C852,3436.56,16899.65,Micro
C853,3401.51,16680.73,Astro
C854,3424.15,1074.52,HPC
C855,3411.4,16555.03,Astro
C856,3407.64,2962.2,eL5
C857,3442.68,10030.41,Astro
C858,3475.78,8915.53,eL5
C859,3452.27,13159.56,eL2_3
C860,3495.13,4897.24,Astro
C861,3460.86,12524.62,eL4
C862,3463.41,13477,eL2_3
C863,3475.25,761.15,HPC
C864,3448.41,6529.69,eL6
C865,3482.06,10304.34,Astro
C866,3462.36,895.55,HPC
C867,3498.62,6956.69,eL6
C868,3499.65,11358.04,Astro
C869,3490.29,6213.97,eL6
C870,3542.5,7948.57,SST
C871,3499.62,10936.75,eL4
C872,3514.61,11665.85,eL4
C873,3533.97,569.84,HPC
C874,3541.2,9881.45,eL6
C875,3541.95,14739.47,eL2_3
C876,3536.62,3982.39,Astro
C877,3548.17,12780.27,eL4
C878,3559.72,5454.92,eL6
C879,3514.6,6014.92,Endo
C880,3541.3,7684.73,Astro
C881,3572.64,10647.8,eL4
C882,3535.19,11214.7,Astro
C883,3541.82,14022.95,eL2_3
C884,3539.75,15375.3,eL2_3
C885,3550.81,3361.45,Oligo
C886,3572.52,5868.73,eL6
C887,3569.7,9551.61,Astro
C888,3567.83,993.09,HPC
C889,3583.81,6523.13,Oligo
C890,3574.35,14374.58,eL4
C891,3617.06,4076.63,Oligo
C892,3577.54,6658.42,eL6
C893,3578.32,1285.95,Astro
C894,3593.13,1633.25,HPC
C895,3603.08,10357.83,Astro
C896,3612.13,12087.05,eL4
C897,3603.29,13505.3,eL2_3
C898,3595.56,14170.47,Astro
C899,3624.41,1134.71,Endo
C900,3623.78,5243.01,eL6
C901,3609.89,6256.39,eL6
C902,3600.02,706.62,HPC
C903,3595.01,11925.45,eL2_3
C904,3648.25,15385.34,eL4
C905,3649.13,6064.62,Endo
C906,3633.08,11298.39,eL4
C907,3616.37,3092.53,SST
C908,3649.36,6368.94,eL6
C909,3635.97,13407.15,Micro
C910,3647.16,833.17,HPC
C911,3666.52,7271.06,eL6
C912,3649.96,11539.39,Oligo
C913,3652.86,11675.86,eL4
C914,3664.43,13628.16,eL2_3
C915,3664.62,14303.25,eL2_3
C916,3654.6,4287.04,Oligo
C917,3662.34,13163.04,eL2_3
C918,3676.66,7575.86,eL4
C919,3671.09,11125.43,eL2_3
C920,3668.87,13990.13,eL4
C921,3687.61,15812.57,eL2_3
C922,3686.71,966.54,HPC
C923,3681.3,10986.98,Endo
C924,3684.46,11422.62,eL4
C925,3691.76,621.02,HPC
C926,3678.02,4182.56,Oligo
C927,3685.8,5726.18,eL6
C928,3686.49,5967.82,eL6
C929,3698.96,6955.32,PVALB
C930,3679.44,9761.02,eL4
